time,velocity,angle of road,acceleration,rolling resistance,air resistance,gradient resistance,inertial resistance,total resistance,total power,effective power,battery capacity,range
0.0,0.0,1.0,0,4.115373113263707,0.0,17.958526223964732,0.0,22.07389933722844,0.0,-50.0,100.00396825396825,0
1.0,3.0,1.0,3.0,4.115373113263707,1.7107199999999998,17.958526223964732,330.0,353.78461933722843,1061.3538580116854,1011.3538580116854,99.92370207476097,0
2.0,4.5,1.0,1.5,4.115373113263707,3.849119999999999,17.958526223964732,165.0,190.92301933722842,859.1535870175279,809.1535870175279,99.8594835361088,0
3.0,5.0,1.0,0.5,4.115373113263707,4.752,17.958526223964732,55.0,81.82589933722844,409.12949668614215,359.12949668614215,99.83098119510196,0
4.0,5.5,1.0,0.5,4.115373113263707,5.7499199999999995,17.958526223964732,55.0,82.82381933722844,455.5310063547564,405.5310063547564,99.7987961945976,0
5.0,6.0,1.0,0.5,4.115373113263707,6.842879999999999,17.958526223964732,55.0,83.91677933722843,503.5006760233706,453.5006760233706,99.7628040774529,0
6.0,6.25,1.0,0.25,4.115373113263707,7.425,17.958526223964732,27.5,56.99889933722844,356.24312085767775,306.24312085767775,99.73849906786101,0
7.0,6.5,1.0,0.25,4.115373113263707,8.03088,17.958526223964732,27.5,57.604779337228436,374.4310656919848,324.4310656919848,99.71275057058386,0
8.0,6.5,1.0,0.0,4.115373113263707,8.03088,17.958526223964732,0.0,30.10477933722844,195.68106569198486,145.68106569198486,99.70118858124322,0
9.0,6.5,1.0,0.0,4.115373113263707,8.03088,17.958526223964732,0.0,30.10477933722844,195.68106569198486,145.68106569198486,99.68962659190257,15.777606093813864
10.0,6.5,1.0,0.0,4.115373113263707,8.03088,17.958526223964732,0.0,30.10477933722844,195.68106569198486,145.68106569198486,99.67806460256193,22.825878656457363
11.0,6.5,1.0,0.0,4.115373113263707,8.03088,17.958526223964732,0.0,30.10477933722844,195.68106569198486,145.68106569198486,99.66650261322128,30.85835346849851
12.0,6.5,1.0,0.0,4.115373113263707,8.03088,17.958526223964732,0.0,30.10477933722844,195.68106569198486,145.68106569198486,99.65494062388065,34.956104384531876
13.0,6.5,1.0,0.0,4.115373113263707,8.03088,17.958526223964732,0.0,30.10477933722844,195.68106569198486,145.68106569198486,99.64337863454,40.551683453908744
14.0,6.5,1.0,0.0,4.115373113263707,8.03088,17.958526223964732,0.0,30.10477933722844,195.68106569198486,145.68106569198486,99.63181664519936,48.869911481766394
15.0,6.5,1.0,0.0,4.115373113263707,8.03088,17.958526223964732,0.0,30.10477933722844,195.68106569198486,145.68106569198486,99.62025465585872,54.55151224263774
16.0,6.5,1.0,0.0,4.115373113263707,8.03088,17.958526223964732,0.0,30.10477933722844,195.68106569198486,145.68106569198486,99.60869266651807,62.22079025568022
17.0,6.5,1.0,0.0,4.115373113263707,8.03088,17.958526223964732,0.0,30.10477933722844,195.68106569198486,145.68106569198486,99.59713067717743,62.21356803346651
18.0,6.5,1.0,0.0,4.115373113263707,8.03088,17.958526223964732,0.0,30.10477933722844,195.68106569198486,145.68106569198486,99.58556868783678,62.206345811244276
19.0,6.5,1.0,0.0,4.115373113263707,8.03088,17.958526223964732,0.0,30.10477933722844,195.68106569198486,145.68106569198486,99.57400669849615,62.199123589022065
20.0,6.5,1.0,0.0,4.115373113263707,8.03088,17.958526223964732,0.0,30.10477933722844,195.68106569198486,145.68106569198486,99.5624447091555,62.19190136679984
21.0,6.5,1.0,0.0,4.115373113263707,8.03088,17.958526223964732,0.0,30.10477933722844,195.68106569198486,145.68106569198486,99.55088271981487,62.184679144577615
22.0,6.5,1.0,0.0,4.115373113263707,8.03088,17.958526223964732,0.0,30.10477933722844,195.68106569198486,145.68106569198486,99.53932073047422,62.1774569223554
23.0,6.5,1.0,0.0,4.115373113263707,8.03088,17.958526223964732,0.0,30.10477933722844,195.68106569198486,145.68106569198486,99.52775874113357,62.170234700124674
24.0,6.5,1.0,0.0,4.115373113263707,8.03088,17.958526223964732,0.0,30.10477933722844,195.68106569198486,145.68106569198486,99.51619675179293,62.163012477910954
25.0,6.5,1.0,0.0,4.115373113263707,8.03088,17.958526223964732,0.0,30.10477933722844,195.68106569198486,145.68106569198486,99.50463476245228,62.15579025568873
26.0,6.5,1.0,0.0,4.115373113263707,8.03088,17.958526223964732,0.0,30.10477933722844,195.68106569198486,145.68106569198486,99.49307277311165,62.1485680334665
27.0,6.5,1.0,0.0,4.115373113263707,8.03088,17.958526223964732,0.0,30.10477933722844,195.68106569198486,145.68106569198486,99.481510783771,62.14134581124427
28.0,6.5,1.0,0.0,4.115373113263707,8.03088,17.958526223964732,0.0,30.10477933722844,195.68106569198486,145.68106569198486,99.46994879443035,62.13412358901356
29.0,6.5,1.0,0.0,4.115373113263707,8.03088,17.958526223964732,0.0,30.10477933722844,195.68106569198486,145.68106569198486,99.45838680508972,62.12690136679984
30.0,6.5,1.0,0.0,4.115373113263707,8.03088,17.958526223964732,0.0,30.10477933722844,195.68106569198486,145.68106569198486,99.44682481574907,62.119679144569126
31.0,6.5,1.0,0.0,4.115373113263707,8.03088,17.958526223964732,0.0,30.10477933722844,195.68106569198486,145.68106569198486,99.43526282640843,62.112456922355385
32.0,6.5,1.0,0.0,4.115373113263707,8.03088,17.958526223964732,0.0,30.10477933722844,195.68106569198486,145.68106569198486,99.42370083706778,62.105234700133174
33.0,6.5,1.0,0.0,4.115373113263707,8.03088,17.958526223964732,0.0,30.10477933722844,195.68106569198486,145.68106569198486,99.41213884772715,62.09801247791095
34.0,6.5,1.0,0.0,4.115373113263707,8.03088,17.958526223964732,0.0,30.10477933722844,195.68106569198486,145.68106569198486,99.4005768583865,62.09079025568872
35.0,6.5,1.0,0.0,4.115373113263707,8.03088,17.958526223964732,0.0,30.10477933722844,195.68106569198486,145.68106569198486,99.38901486904585,62.08356803345802
36.0,6.5,1.0,0.0,4.115373113263707,8.03088,17.958526223964732,0.0,30.10477933722844,195.68106569198486,145.68106569198486,99.37745287970522,62.07634581124428
37.0,6.5,1.0,0.0,4.115373113263707,8.03088,17.958526223964732,0.0,30.10477933722844,195.68106569198486,145.68106569198486,99.36589089036457,62.06912358902205
38.0,6.5,1.0,0.0,4.115373113263707,8.03088,17.958526223964732,0.0,30.10477933722844,195.68106569198486,145.68106569198486,99.35432890102393,62.06190136679983
39.0,6.5,1.0,0.0,4.115373113263707,8.03088,17.958526223964732,0.0,30.10477933722844,195.68106569198486,145.68106569198486,99.34276691168328,62.05467914457761
40.0,6.5,1.0,0.0,4.115373113263707,8.03088,17.958526223964732,0.0,30.10477933722844,195.68106569198486,145.68106569198486,99.33120492234265,62.047456922355394
41.0,6.5,1.0,0.0,4.115373113263707,8.03088,17.958526223964732,0.0,30.10477933722844,195.68106569198486,145.68106569198486,99.319642933002,62.04023470013316
42.0,6.5,1.0,0.0,4.115373113263707,8.03088,17.958526223964732,0.0,30.10477933722844,195.68106569198486,145.68106569198486,99.30808094366135,62.03301247790246
43.0,6.5,1.0,0.0,4.115373113263707,8.03088,17.958526223964732,0.0,30.10477933722844,195.68106569198486,145.68106569198486,99.29651895432072,62.025790255688726
44.0,6.5,1.0,0.0,4.115373113263707,8.03088,17.958526223964732,0.0,30.10477933722844,195.68106569198486,145.68106569198486,99.28495696498007,62.018568033466494
45.0,6.5,1.0,0.0,4.115373113263707,8.03088,17.958526223964732,0.0,30.10477933722844,195.68106569198486,145.68106569198486,99.27339497563943,62.01134581124428
46.0,6.5,1.0,0.0,4.115373113263707,8.03088,17.958526223964732,0.0,30.10477933722844,195.68106569198486,145.68106569198486,99.26183298629878,62.00412358902205
47.0,6.5,1.0,0.0,4.115373113263707,8.03088,17.958526223964732,0.0,30.10477933722844,195.68106569198486,145.68106569198486,99.25027099695814,61.996901366791356
48.0,6.5,1.0,0.0,4.115373113263707,8.03088,17.958526223964732,0.0,30.10477933722844,195.68106569198486,145.68106569198486,99.2387090076175,61.989679144577615
49.0,6.5,1.0,0.0,4.115373113263707,8.03088,17.958526223964732,0.0,30.10477933722844,195.68106569198486,145.68106569198486,99.22714701827685,61.98245692234691
50.0,6.5,1.0,0.0,4.115373113263707,8.03088,17.958526223964732,0.0,30.10477933722844,195.68106569198486,145.68106569198486,99.21558502893622,61.97523470013316
51.0,6.5,1.0,0.0,4.115373113263707,8.03088,17.958526223964732,0.0,30.10477933722844,195.68106569198486,145.68106569198486,99.20402303959557,61.968012477910946
52.0,6.5,1.0,0.0,4.115373113263707,8.03088,17.958526223964732,0.0,30.10477933722844,195.68106569198486,145.68106569198486,99.19246105025493,61.96079025568872
53.0,6.5,1.0,0.0,4.115373113263707,8.03088,17.958526223964732,0.0,30.10477933722844,195.68106569198486,145.68106569198486,99.18089906091429,61.953568033466496
54.0,6.5,1.0,0.0,4.115373113263707,8.03088,17.958526223964732,0.0,30.10477933722844,195.68106569198486,145.68106569198486,99.16933707157364,61.94634581123581
55.0,6.5,1.0,0.0,4.115373113263707,8.03088,17.958526223964732,0.0,30.10477933722844,195.68106569198486,145.68106569198486,99.157775082233,61.93912358902206
56.0,6.5,1.0,0.0,4.115373113263707,8.03088,17.958526223964732,0.0,30.10477933722844,195.68106569198486,145.68106569198486,99.14621309289235,61.93190136679983
57.0,6.5,1.0,0.0,4.115373113263707,8.03088,17.958526223964732,0.0,30.10477933722844,195.68106569198486,145.68106569198486,99.13465110355172,61.9246791445776
58.0,6.5,1.0,0.0,4.115373113263707,8.03088,17.958526223964732,0.0,30.10477933722844,195.68106569198486,145.68106569198486,99.12308911421107,61.91745692235539
59.0,6.5,1.0,0.0,4.115373113263707,8.03088,17.958526223964732,0.0,30.10477933722844,195.68106569198486,145.68106569198486,99.11152712487043,61.91023470013317
60.0,6.5,1.0,0.0,4.115373113263707,8.03088,17.958526223964732,0.0,30.10477933722844,195.68106569198486,145.68106569198486,99.09996513552979,61.903012477910934
61.0,6.5,1.0,0.0,4.115373113263707,8.03088,17.958526223964732,0.0,30.10477933722844,195.68106569198486,145.68106569198486,99.08840314618914,61.89579025568026
62.0,6.5,1.0,0.0,4.115373113263707,8.03088,17.958526223964732,0.0,30.10477933722844,195.68106569198486,145.68106569198486,99.0768411568485,61.8885680334665
63.0,6.5,1.0,0.0,4.115373113263707,8.03088,17.958526223964732,0.0,30.10477933722844,195.68106569198486,145.68106569198486,99.06527916750785,61.881345811244266
64.0,6.5,1.0,0.0,4.115373113263707,8.03088,17.958526223964732,0.0,30.10477933722844,195.68106569198486,145.68106569198486,99.05371717816722,61.87412358902205
65.0,6.5,1.0,0.0,4.115373113263707,8.03088,17.958526223964732,0.0,30.10477933722844,195.68106569198486,145.68106569198486,99.04215518882657,61.86690136679982
66.0,6.5,1.0,0.0,4.115373113263707,8.03088,17.958526223964732,0.0,30.10477933722844,195.68106569198486,145.68106569198486,99.03059319948592,61.85967914456915
67.0,6.5,1.0,0.0,4.115373113263707,8.03088,17.958526223964732,0.0,30.10477933722844,195.68106569198486,145.68106569198486,99.01903121014529,61.85245692235538
68.0,6.5,1.0,0.0,4.115373113263707,8.03088,17.958526223964732,0.0,30.10477933722844,195.68106569198486,145.68106569198486,99.00746922080464,61.845234700124706
69.0,6.5,1.0,0.0,4.115373113263707,8.03088,17.958526223964732,0.0,30.10477933722844,195.68106569198486,145.68106569198486,98.995907231464,61.83801247791094
70.0,6.5,1.0,0.0,4.115373113263707,8.03088,17.958526223964732,0.0,30.10477933722844,195.68106569198486,145.68106569198486,98.98434524212335,61.830790255688704
71.0,6.5,1.0,0.0,4.115373113263707,8.03088,17.958526223964732,0.0,30.10477933722844,195.68106569198486,145.68106569198486,98.97278325278272,61.8235680334665
72.0,6.5,1.0,0.0,4.115373113263707,8.03088,17.958526223964732,0.0,30.10477933722844,195.68106569198486,145.68106569198486,98.96122126344207,61.81634581124427
73.0,6.5,1.0,0.0,4.115373113263707,8.03088,17.958526223964732,0.0,30.10477933722844,195.68106569198486,145.68106569198486,98.94965927410142,61.809123589013595
74.0,6.5,1.0,0.0,4.115373113263707,8.03088,17.958526223964732,0.0,30.10477933722844,195.68106569198486,145.68106569198486,98.93809728476079,61.80190136679983
75.0,6.5,1.0,0.0,4.115373113263707,8.03088,17.958526223964732,0.0,30.10477933722844,195.68106569198486,145.68106569198486,98.92653529542014,61.7946791445776
76.0,6.5,1.0,0.0,4.115373113263707,8.03088,17.958526223964732,0.0,30.10477933722844,195.68106569198486,145.68106569198486,98.9149733060795,61.78745692235538
77.0,6.5,1.0,0.0,4.115373113263707,8.03088,17.958526223964732,0.0,30.10477933722844,195.68106569198486,145.68106569198486,98.90341131673885,61.780234700133164
78.0,6.5,1.0,0.0,4.115373113263707,8.03088,17.958526223964732,0.0,30.10477933722844,195.68106569198486,145.68106569198486,98.89184932739822,61.773012477910946
79.0,6.5,1.0,0.0,4.115373113263707,8.03088,17.958526223964732,0.0,30.10477933722844,195.68106569198486,145.68106569198486,98.88028733805757,61.765790255688714
80.0,6.5,1.0,0.0,4.115373113263707,8.03088,17.958526223964732,0.0,30.10477933722844,195.68106569198486,145.68106569198486,98.86872534871692,61.75856803345805
81.0,6.5,1.0,0.0,4.115373113263707,8.03088,17.958526223964732,0.0,30.10477933722844,195.68106569198486,145.68106569198486,98.85716335937629,61.75134581124428
82.0,6.5,1.0,0.0,4.115373113263707,8.03088,17.958526223964732,0.0,30.10477933722844,195.68106569198486,145.68106569198486,98.84560137003564,61.744123589022045
83.0,6.5,1.0,0.0,4.115373113263707,8.03088,17.958526223964732,0.0,30.10477933722844,195.68106569198486,145.68106569198486,98.834039380695,61.73690136679982
84.0,6.5,1.0,0.0,4.115373113263707,8.03088,17.958526223964732,0.0,30.10477933722844,195.68106569198486,145.68106569198486,98.82247739135435,61.7296791445776
85.0,6.5,1.0,0.0,4.115373113263707,8.03088,17.958526223964732,0.0,30.10477933722844,195.68106569198486,145.68106569198486,98.8109154020137,61.72245692234694
86.0,6.5,1.0,0.0,4.115373113263707,8.03088,17.958526223964732,0.0,30.10477933722844,195.68106569198486,145.68106569198486,98.79935341267307,61.71523470013315
87.0,6.5,1.0,0.0,4.115373113263707,8.03088,17.958526223964732,0.0,30.10477933722844,195.68106569198486,145.68106569198486,98.78779142333242,61.7080124779025
88.0,6.5,1.0,0.0,4.115373113263707,8.03088,17.958526223964732,0.0,30.10477933722844,195.68106569198486,145.68106569198486,98.77622943399179,61.70079025568871
89.0,6.5,1.0,0.0,4.115373113263707,8.03088,17.958526223964732,0.0,30.10477933722844,195.68106569198486,145.68106569198486,98.76466744465114,61.69356803346648
90.0,6.5,1.0,0.0,4.115373113263707,8.03088,17.958526223964732,0.0,30.10477933722844,195.68106569198486,145.68106569198486,98.7531054553105,61.686345811244266
91.0,6.5,1.0,0.0,4.115373113263707,8.03088,17.958526223964732,0.0,30.10477933722844,195.68106569198486,145.68106569198486,98.74154346596985,61.67912358902204
92.0,6.5,1.0,0.0,4.115373113263707,8.03088,17.958526223964732,0.0,30.10477933722844,195.68106569198486,145.68106569198486,98.7299814766292,61.671901366791396
93.0,6.5,1.0,0.0,4.115373113263707,8.03088,17.958526223964732,0.0,30.10477933722844,195.68106569198486,145.68106569198486,98.71841948728857,61.6646791445776
94.0,6.5,1.0,0.0,4.115373113263707,8.03088,17.958526223964732,0.0,30.10477933722844,195.68106569198486,145.68106569198486,98.70685749794792,61.65745692235538
95.0,6.5,1.0,0.0,4.115373113263707,8.03088,17.958526223964732,0.0,30.10477933722844,195.68106569198486,145.68106569198486,98.69529550860729,61.650234700133154
96.0,6.5,1.0,0.0,4.115373113263707,8.03088,17.958526223964732,0.0,30.10477933722844,195.68106569198486,145.68106569198486,98.68373351926664,61.64301247791092
97.0,6.5,1.0,0.0,4.115373113263707,8.03088,17.958526223964732,0.0,30.10477933722844,195.68106569198486,145.68106569198486,98.672171529926,61.63579025568872
98.0,6.5,1.0,0.0,4.115373113263707,8.03088,17.958526223964732,0.0,30.10477933722844,195.68106569198486,145.68106569198486,98.66060954058536,61.628568033466486
99.0,6.5,1.0,0.0,4.115373113263707,8.03088,17.958526223964732,0.0,30.10477933722844,195.68106569198486,145.68106569198486,98.6490475512447,61.62134581123584
100.0,6.5,1.0,0.0,4.115373113263707,8.03088,17.958526223964732,0.0,30.10477933722844,195.68106569198486,145.68106569198486,98.63748556190407,61.61412358902205
101.0,6.5,1.0,0.0,4.115373113263707,8.03088,17.958526223964732,0.0,30.10477933722844,195.68106569198486,145.68106569198486,98.62592357256342,61.60690136679982
102.0,6.5,1.0,0.0,4.115373113263707,8.03088,17.958526223964732,0.0,30.10477933722844,195.68106569198486,145.68106569198486,98.61436158322279,61.5996791445776
103.0,6.5,1.0,0.0,4.115373113263707,8.03088,17.958526223964732,0.0,30.10477933722844,195.68106569198486,145.68106569198486,98.60279959388214,61.592456922355375
104.0,6.5,1.0,0.0,4.115373113263707,8.03088,17.958526223964732,0.0,30.10477933722844,195.68106569198486,145.68106569198486,98.59123760454149,61.58523470012473
105.0,6.5,1.0,0.0,4.115373113263707,8.03088,17.958526223964732,0.0,30.10477933722844,195.68106569198486,145.68106569198486,98.57967561520086,61.57801247791093
106.0,6.5,1.0,0.0,4.115373113263707,8.03088,17.958526223964732,0.0,30.10477933722844,195.68106569198486,145.68106569198486,98.5681136258602,61.57079025568029
107.0,6.5,1.0,0.0,4.115373113263707,8.03088,17.958526223964732,0.0,30.10477933722844,195.68106569198486,145.68106569198486,98.55655163651957,61.56356803346649
108.0,6.5,1.0,0.0,4.115373113263707,8.03088,17.958526223964732,0.0,30.10477933722844,195.68106569198486,145.68106569198486,98.54498964717892,61.55634581124426
109.0,6.5,1.0,0.0,4.115373113263707,8.03088,17.958526223964732,0.0,30.10477933722844,195.68106569198486,145.68106569198486,98.53342765783829,61.54912358902204
110.0,6.5,1.0,0.0,4.115373113263707,8.03088,17.958526223964732,0.0,30.10477933722844,195.68106569198486,145.68106569198486,98.52186566849764,61.54190136679982
111.0,6.5,1.0,0.0,4.115373113263707,8.03088,17.958526223964732,0.0,30.10477933722844,195.68106569198486,145.68106569198486,98.51030367915699,61.53467914456918
112.0,6.5,1.0,0.0,4.115373113263707,8.03088,17.958526223964732,0.0,30.10477933722844,195.68106569198486,145.68106569198486,98.49874168981636,61.52745692235538
113.0,6.5,1.0,0.0,4.115373113263707,8.03088,17.958526223964732,0.0,30.10477933722844,195.68106569198486,145.68106569198486,98.4871797004757,61.52023470013315
114.0,6.5,1.0,0.0,4.115373113263707,8.03088,17.958526223964732,0.0,30.10477933722844,195.68106569198486,145.68106569198486,98.47561771113507,61.51301247791093
115.0,6.5,1.0,0.0,4.115373113263707,8.03088,17.958526223964732,0.0,30.10477933722844,195.68106569198486,145.68106569198486,98.46405572179442,61.505790255688694
116.0,6.5,1.0,0.0,4.115373113263707,8.03088,17.958526223964732,0.0,30.10477933722844,195.68106569198486,145.68106569198486,98.45249373245379,61.49856803346648
117.0,6.5,1.0,0.0,4.115373113263707,8.03088,17.958526223964732,0.0,30.10477933722844,195.68106569198486,145.68106569198486,98.44093174311314,61.491345811244265
118.0,6.5,1.0,0.0,4.115373113263707,8.03088,17.958526223964732,0.0,30.10477933722844,195.68106569198486,145.68106569198486,98.42936975377249,61.484123589013635
119.0,6.5,1.0,0.0,4.115373113263707,8.03088,17.958526223964732,0.0,30.10477933722844,195.68106569198486,145.68106569198486,98.41780776443186,61.47690136679981
120.0,6.5,1.0,0.0,4.115373113263707,8.03088,17.958526223964732,0.0,30.10477933722844,195.68106569198486,145.68106569198486,98.40624577509121,61.4696791445776
121.0,6.5,1.0,0.0,4.115373113263707,8.03088,17.958526223964732,0.0,30.10477933722844,195.68106569198486,145.68106569198486,98.39468378575057,61.46245692235537
122.0,6.5,1.0,0.0,4.115373113263707,8.03088,17.958526223964732,0.0,30.10477933722844,195.68106569198486,145.68106569198486,98.38312179640992,61.45523470013314
123.0,6.5,1.0,0.0,4.115373113263707,8.03088,17.958526223964732,0.0,30.10477933722844,195.68106569198486,145.68106569198486,98.37155980706927,61.44801247790254
124.0,6.5,1.0,0.0,4.115373113263707,8.03088,17.958526223964732,0.0,30.10477933722844,195.68106569198486,145.68106569198486,98.35999781772864,61.440790255688704
125.0,6.5,1.0,0.0,4.115373113263707,8.03088,17.958526223964732,0.0,30.10477933722844,195.68106569198486,145.68106569198486,98.34843582838799,61.43356803345808
126.0,6.5,1.0,0.0,4.115373113263707,8.03088,17.958526223964732,0.0,30.10477933722844,195.68106569198486,145.68106569198486,98.33687383904736,61.42634581124427
127.0,6.5,1.0,0.0,4.115373113263707,8.03088,17.958526223964732,0.0,30.10477933722844,195.68106569198486,145.68106569198486,98.32531184970671,61.419123589022036
128.0,6.5,1.0,0.0,4.115373113263707,8.03088,17.958526223964732,0.0,30.10477933722844,195.68106569198486,145.68106569198486,98.31374986036607,61.41190136679982
129.0,6.5,1.0,0.0,4.115373113263707,8.03088,17.958526223964732,0.0,30.10477933722844,195.68106569198486,145.68106569198486,98.30218787102542,61.40467914457759
130.0,6.5,1.0,0.0,4.115373113263707,8.03088,17.958526223964732,0.0,30.10477933722844,195.68106569198486,145.68106569198486,98.29062588168478,61.397456922346976
131.0,6.5,1.0,0.0,4.115373113263707,8.03088,17.958526223964732,0.0,30.10477933722844,195.68106569198486,145.68106569198486,98.27906389234414,61.39023470013315
132.0,6.5,1.0,0.0,4.115373113263707,8.03088,17.958526223964732,0.0,30.10477933722844,195.68106569198486,145.68106569198486,98.26750190300349,61.383012477910924
133.0,6.5,1.0,0.0,4.115373113263707,8.03088,17.958526223964732,0.0,30.10477933722844,195.68106569198486,145.68106569198486,98.25593991366286,61.375790255688706
134.0,6.5,1.0,0.0,4.115373113263707,8.03088,17.958526223964732,0.0,30.10477933722844,195.68106569198486,145.68106569198486,98.24437792432221,61.368568033466474
135.0,6.5,1.0,0.0,4.115373113263707,8.03088,17.958526223964732,0.0,30.10477933722844,195.68106569198486,145.68106569198486,98.23281593498157,61.36134581124426
136.0,6.5,1.0,0.0,4.115373113263707,8.03088,17.958526223964732,0.0,30.10477933722844,195.68106569198486,145.68106569198486,98.22125394564092,61.35412358902204
137.0,6.5,1.0,0.0,4.115373113263707,8.03088,17.958526223964732,0.0,30.10477933722844,195.68106569198486,145.68106569198486,98.20969195630028,61.34690136679143
138.0,6.5,1.0,0.0,4.115373113263707,8.03088,17.958526223964732,0.0,30.10477933722844,195.68106569198486,145.68106569198486,98.19812996695964,61.33967914457758
139.0,6.5,1.0,0.0,4.115373113263707,8.03088,17.958526223964732,0.0,30.10477933722844,195.68106569198486,145.68106569198486,98.18656797761899,61.33245692235537
140.0,6.5,1.0,0.0,4.115373113263707,8.03088,17.958526223964732,0.0,30.10477933722844,195.68106569198486,145.68106569198486,98.17500598827836,61.32523470013315
141.0,6.5,1.0,0.0,4.115373113263707,8.03088,17.958526223964732,0.0,30.10477933722844,195.68106569198486,145.68106569198486,98.16344399893771,61.31801247791092
142.0,6.5,1.0,0.0,4.115373113263707,8.03088,17.958526223964732,0.0,30.10477933722844,195.68106569198486,145.68106569198486,98.15188200959706,61.31079025568032
143.0,6.5,1.0,0.0,4.115373113263707,8.03088,17.958526223964732,0.0,30.10477933722844,195.68106569198486,145.68106569198486,98.14032002025642,61.30356803346648
144.0,6.5,1.0,0.0,4.115373113263707,8.03088,17.958526223964732,0.0,30.10477933722844,195.68106569198486,145.68106569198486,98.12875803091578,61.29634581123589
145.0,6.5,1.0,0.0,4.115373113263707,8.03088,17.958526223964732,0.0,30.10477933722844,195.68106569198486,145.68106569198486,98.11719604157514,61.289123589022026
146.0,6.5,1.0,0.0,4.115373113263707,8.03088,17.958526223964732,0.0,30.10477933722844,195.68106569198486,145.68106569198486,98.10563405223449,61.281901366799815
147.0,6.5,1.0,0.0,4.115373113263707,8.03088,17.958526223964732,0.0,30.10477933722844,195.68106569198486,145.68106569198486,98.09407206289386,61.27467914457759
148.0,6.5,1.0,0.0,4.115373113263707,8.03088,17.958526223964732,0.0,30.10477933722844,195.68106569198486,145.68106569198486,98.08251007355321,61.26745692235537
149.0,6.5,1.0,0.0,4.115373113263707,8.03088,17.958526223964732,0.0,30.10477933722844,195.68106569198486,145.68106569198486,98.07094808421256,61.26023470012478
150.0,6.5,1.0,0.0,4.115373113263707,8.03088,17.958526223964732,0.0,30.10477933722844,195.68106569198486,145.68106569198486,98.05938609487193,61.25301247791092
151.0,6.5,1.0,0.0,4.115373113263707,8.03088,17.958526223964732,0.0,30.10477933722844,195.68106569198486,145.68106569198486,98.04782410553128,61.2457902556887
152.0,6.5,1.0,0.0,4.115373113263707,8.03088,17.958526223964732,0.0,30.10477933722844,195.68106569198486,145.68106569198486,98.03626211619064,61.23856803346648
153.0,6.5,1.0,0.0,4.115373113263707,8.03088,17.958526223964732,0.0,30.10477933722844,195.68106569198486,145.68106569198486,98.02470012685,61.231345811244246
154.0,6.5,1.0,0.0,4.115373113263707,8.03088,17.958526223964732,0.0,30.10477933722844,195.68106569198486,145.68106569198486,98.01313813750936,61.224123589022035
155.0,6.5,1.0,0.0,4.115373113263707,8.03088,17.958526223964732,0.0,30.10477933722844,195.68106569198486,145.68106569198486,98.00157614816871,61.21690136679981
156.0,6.5,1.0,0.0,4.115373113263707,8.03088,17.958526223964732,0.0,30.10477933722844,195.68106569198486,145.68106569198486,97.99001415882806,61.209679144569215
157.0,6.5,1.0,0.0,4.115373113263707,8.03088,17.958526223964732,0.0,30.10477933722844,195.68106569198486,145.68106569198486,97.97845216948743,61.20245692235536
158.0,6.5,1.0,0.0,4.115373113263707,8.03088,17.958526223964732,0.0,30.10477933722844,195.68106569198486,145.68106569198486,97.96689018014678,61.19523470013315
159.0,6.5,1.0,0.0,4.115373113263707,8.03088,17.958526223964732,0.0,30.10477933722844,195.68106569198486,145.68106569198486,97.95532819080614,61.188012477910924
160.0,6.5,1.0,0.0,4.115373113263707,8.03088,17.958526223964732,0.0,30.10477933722844,195.68106569198486,145.68106569198486,97.9437662014655,61.18079025568869
161.0,6.5,1.0,0.0,4.115373113263707,8.03088,17.958526223964732,0.0,30.10477933722844,195.68106569198486,145.68106569198486,97.93220421212484,61.1735680334581
162.0,6.5,1.0,0.0,4.115373113263707,8.03088,17.958526223964732,0.0,30.10477933722844,195.68106569198486,145.68106569198486,97.92064222278421,61.166345811244256
163.0,6.5,1.0,0.0,4.115373113263707,8.03088,17.958526223964732,0.0,30.10477933722844,195.68106569198486,145.68106569198486,97.90908023344356,61.15912358901367
164.0,6.5,1.0,0.0,4.115373113263707,8.03088,17.958526223964732,0.0,30.10477933722844,195.68106569198486,145.68106569198486,97.89751824410293,61.151901366799805
165.0,6.5,1.0,0.0,4.115373113263707,8.03088,17.958526223964732,0.0,30.10477933722844,195.68106569198486,145.68106569198486,97.88595625476228,61.14467914457759
166.0,6.5,1.0,0.0,4.115373113263707,8.03088,17.958526223964732,0.0,30.10477933722844,195.68106569198486,145.68106569198486,97.87439426542164,61.13745692235537
167.0,6.5,1.0,0.0,4.115373113263707,8.03088,17.958526223964732,0.0,30.10477933722844,195.68106569198486,145.68106569198486,97.862832276081,61.13023470013314
168.0,6.5,1.0,0.0,4.115373113263707,8.03088,17.958526223964732,0.0,30.10477933722844,195.68106569198486,145.68106569198486,97.85127028674034,61.123012477902556
169.0,6.5,1.0,0.0,4.115373113263707,8.03088,17.958526223964732,0.0,30.10477933722844,195.68106569198486,145.68106569198486,97.83970829739971,61.1157902556887
170.0,6.5,1.0,0.0,4.115373113263707,8.03088,17.958526223964732,0.0,30.10477933722844,195.68106569198486,145.68106569198486,97.82814630805906,61.10856803346647
171.0,6.5,1.0,0.0,4.115373113263707,8.03088,17.958526223964732,0.0,30.10477933722844,195.68106569198486,145.68106569198486,97.81658431871843,61.10134581124426
172.0,6.5,1.0,0.0,4.115373113263707,8.03088,17.958526223964732,0.0,30.10477933722844,195.68106569198486,145.68106569198486,97.80502232937778,61.094123589022026
173.0,6.5,1.0,0.0,4.115373113263707,8.03088,17.958526223964732,0.0,30.10477933722844,195.68106569198486,145.68106569198486,97.79346034003714,61.08690136679981
174.0,6.5,1.0,0.0,4.115373113263707,8.03088,17.958526223964732,0.0,30.10477933722844,195.68106569198486,145.68106569198486,97.7818983506965,61.07967914457759
175.0,6.5,1.0,0.0,4.115373113263707,8.03088,17.958526223964732,0.0,30.10477933722844,195.68106569198486,145.68106569198486,97.77033636135585,61.07245692234702
176.0,6.5,1.0,0.0,4.115373113263707,8.03088,17.958526223964732,0.0,30.10477933722844,195.68106569198486,145.68106569198486,97.75877437201521,61.06523470013313
177.0,6.5,1.0,0.0,4.115373113263707,8.03088,17.958526223964732,0.0,30.10477933722844,195.68106569198486,145.68106569198486,97.74721238267456,61.05801247791092
178.0,6.5,1.0,0.0,4.115373113263707,8.03088,17.958526223964732,0.0,30.10477933722844,195.68106569198486,145.68106569198486,97.73565039333393,61.050790255688696
179.0,6.5,1.0,0.0,4.115373113263707,8.03088,17.958526223964732,0.0,30.10477933722844,195.68106569198486,145.68106569198486,97.72408840399328,61.043568033466464
180.0,6.5,1.0,0.0,4.115373113263707,8.03088,17.958526223964732,0.0,30.10477933722844,195.68106569198486,145.68106569198486,97.71252641465263,61.03634581123591
181.0,6.5,1.0,0.0,4.115373113263707,8.03088,17.958526223964732,0.0,30.10477933722844,195.68106569198486,145.68106569198486,97.700964425312,61.029123589022035
182.0,6.5,1.0,0.0,4.115373113263707,8.03088,17.958526223964732,0.0,30.10477933722844,195.68106569198486,145.68106569198486,97.68940243597135,61.021901366791454
183.0,6.5,1.0,0.0,4.115373113263707,8.03088,17.958526223964732,0.0,30.10477933722844,195.68106569198486,145.68106569198486,97.67784044663071,61.01467914457758
184.0,6.5,1.0,0.0,4.115373113263707,8.03088,17.958526223964732,0.0,30.10477933722844,195.68106569198486,145.68106569198486,97.66627845729006,61.00745692235537
185.0,6.5,1.0,0.0,4.115373113263707,8.03088,17.958526223964732,0.0,30.10477933722844,195.68106569198486,145.68106569198486,97.65471646794943,61.00023470013314
186.0,6.5,1.0,0.0,4.115373113263707,8.03088,17.958526223964732,0.0,30.10477933722844,195.68106569198486,145.68106569198486,97.64315447860878,60.99301247791091
187.0,6.5,1.0,0.0,4.115373113263707,8.03088,17.958526223964732,0.0,30.10477933722844,195.68106569198486,145.68106569198486,97.63159248926813,60.98579025568035
188.0,6.5,1.0,0.0,4.115373113263707,8.03088,17.958526223964732,0.0,30.10477933722844,195.68106569198486,145.68106569198486,97.6200304999275,60.97856803346647
189.0,6.5,1.0,0.0,4.115373113263707,8.03088,17.958526223964732,0.0,30.10477933722844,195.68106569198486,145.68106569198486,97.60846851058685,60.97134581124424
190.0,6.5,1.0,0.0,4.115373113263707,8.03088,17.958526223964732,0.0,30.10477933722844,195.68106569198486,145.68106569198486,97.59690652124621,60.96412358902202
191.0,6.5,1.0,0.0,4.115373113263707,8.03088,17.958526223964732,0.0,30.10477933722844,195.68106569198486,145.68106569198486,97.58534453190556,60.9569013667998
192.0,6.5,1.0,0.0,4.115373113263707,8.03088,17.958526223964732,0.0,30.10477933722844,195.68106569198486,145.68106569198486,97.57378254256493,60.94967914457759
193.0,6.5,1.0,0.0,4.115373113263707,8.03088,17.958526223964732,0.0,30.10477933722844,195.68106569198486,145.68106569198486,97.56222055322428,60.942456922355355
194.0,6.5,1.0,0.0,4.115373113263707,8.03088,17.958526223964732,0.0,30.10477933722844,195.68106569198486,145.68106569198486,97.55065856388363,60.93523470012481
195.0,6.5,1.0,0.0,4.115373113263707,8.03088,17.958526223964732,0.0,30.10477933722844,195.68106569198486,145.68106569198486,97.539096574543,60.92801247791091
196.0,6.5,1.0,0.0,4.115373113263707,8.03088,17.958526223964732,0.0,30.10477933722844,195.68106569198486,145.68106569198486,97.52753458520235,60.920790255688686
197.0,6.5,1.0,0.0,4.115373113263707,8.03088,17.958526223964732,0.0,30.10477933722844,195.68106569198486,145.68106569198486,97.51597259586171,60.913568033466476
198.0,6.5,1.0,0.0,4.115373113263707,8.03088,17.958526223964732,0.0,30.10477933722844,195.68106569198486,145.68106569198486,97.50441060652106,60.90634581124424
199.0,6.5,1.0,0.0,4.115373113263707,8.03088,17.958526223964732,0.0,30.10477933722844,195.68106569198486,145.68106569198486,97.49284861718041,60.8991235890137
200.0,6.5,1.0,0.0,4.115373113263707,8.03088,17.958526223964732,0.0,30.10477933722844,195.68106569198486,145.68106569198486,97.48128662783978,60.89190136679981
201.0,6.5,1.0,0.0,4.115373113263707,8.03088,17.958526223964732,0.0,30.10477933722844,195.68106569198486,145.68106569198486,97.46972463849913,60.88467914456926
202.0,6.5,1.0,0.0,4.115373113263707,8.03088,17.958526223964732,0.0,30.10477933722844,195.68106569198486,145.68106569198486,97.4581626491585,60.87745692235535
203.0,6.5,1.0,0.0,4.115373113263707,8.03088,17.958526223964732,0.0,30.10477933722844,195.68106569198486,145.68106569198486,97.44660065981785,60.87023470013314
204.0,6.5,1.0,0.0,4.115373113263707,8.03088,17.958526223964732,0.0,30.10477933722844,195.68106569198486,145.68106569198486,97.43503867047721,60.86301247791092
205.0,6.5,1.0,0.0,4.115373113263707,8.03088,17.958526223964732,0.0,30.10477933722844,195.68106569198486,145.68106569198486,97.42347668113656,60.85579025568869
206.0,6.5,1.0,0.0,4.115373113263707,8.03088,17.958526223964732,0.0,30.10477933722844,195.68106569198486,145.68106569198486,97.41191469179591,60.84856803345815
207.0,6.5,1.0,0.0,4.115373113263707,8.03088,17.958526223964732,0.0,30.10477933722844,195.68106569198486,145.68106569198486,97.40035270245528,60.84134581124425
208.0,6.5,1.0,0.0,4.115373113263707,8.03088,17.958526223964732,0.0,30.10477933722844,195.68106569198486,145.68106569198486,97.38879071311463,60.83412358902202
209.0,6.5,1.0,0.0,4.115373113263707,8.03088,17.958526223964732,0.0,30.10477933722844,195.68106569198486,145.68106569198486,97.377228723774,60.826901366799795
210.0,6.5,1.0,0.0,4.115373113263707,8.03088,17.958526223964732,0.0,30.10477933722844,195.68106569198486,145.68106569198486,97.36566673443335,60.81967914457757
211.0,6.5,1.0,0.0,4.115373113263707,8.03088,17.958526223964732,0.0,30.10477933722844,195.68106569198486,145.68106569198486,97.35410474509271,60.81245692235536
212.0,6.5,1.0,0.0,4.115373113263707,8.03088,17.958526223964732,0.0,30.10477933722844,195.68106569198486,145.68106569198486,97.34254275575206,60.80523470013313
213.0,6.5,1.0,0.0,4.115373113263707,8.03088,17.958526223964732,0.0,30.10477933722844,195.68106569198486,145.68106569198486,97.33098076641141,60.79801247790259
214.0,6.5,1.0,0.0,4.115373113263707,8.03088,17.958526223964732,0.0,30.10477933722844,195.68106569198486,145.68106569198486,97.31941877707078,60.79079025568869
215.0,6.5,1.0,0.0,4.115373113263707,8.03088,17.958526223964732,0.0,30.10477933722844,195.68106569198486,145.68106569198486,97.30785678773013,60.78356803346646
216.0,6.5,1.0,0.0,4.115373113263707,8.03088,17.958526223964732,0.0,30.10477933722844,195.68106569198486,145.68106569198486,97.2962947983895,60.77634581124424
217.0,6.5,1.0,0.0,4.115373113263707,8.03088,17.958526223964732,0.0,30.10477933722844,195.68106569198486,145.68106569198486,97.28473280904885,60.769123589022016
218.0,6.5,1.0,0.0,4.115373113263707,8.03088,17.958526223964732,0.0,30.10477933722844,195.68106569198486,145.68106569198486,97.2731708197082,60.76190136679149
219.0,6.5,1.0,0.0,4.115373113263707,8.03088,17.958526223964732,0.0,30.10477933722844,195.68106569198486,145.68106569198486,97.26160883036756,60.75467914457757
220.0,6.5,1.0,0.0,4.115373113263707,8.03088,17.958526223964732,0.0,30.10477933722844,195.68106569198486,145.68106569198486,97.25004684102691,60.74745692234704
221.0,6.5,1.0,0.0,4.115373113263707,8.03088,17.958526223964732,0.0,30.10477933722844,195.68106569198486,145.68106569198486,97.23848485168628,60.74023470013313
222.0,6.5,1.0,0.0,4.115373113263707,8.03088,17.958526223964732,0.0,30.10477933722844,195.68106569198486,145.68106569198486,97.22692286234563,60.7330124779109
223.0,6.5,1.0,0.0,4.115373113263707,8.03088,17.958526223964732,0.0,30.10477933722844,195.68106569198486,145.68106569198486,97.215360873005,60.72579025568869
224.0,6.5,1.0,0.0,4.115373113263707,8.03088,17.958526223964732,0.0,30.10477933722844,195.68106569198486,145.68106569198486,97.20379888366435,60.71856803346646
225.0,6.5,1.0,0.0,4.115373113263707,8.03088,17.958526223964732,0.0,30.10477933722844,195.68106569198486,145.68106569198486,97.1922368943237,60.711345811235944
226.0,6.5,1.0,0.0,4.115373113263707,8.03088,17.958526223964732,0.0,30.10477933722844,195.68106569198486,145.68106569198486,97.18067490498306,60.704123589022025
227.0,6.5,1.0,0.0,4.115373113263707,8.03088,17.958526223964732,0.0,30.10477933722844,195.68106569198486,145.68106569198486,97.16911291564242,60.69690136679979
228.0,6.5,1.0,0.0,4.115373113263707,8.03088,17.958526223964732,0.0,30.10477933722844,195.68106569198486,145.68106569198486,97.15755092630178,60.689679144577575
229.0,6.5,1.0,0.0,4.115373113263707,8.03088,17.958526223964732,0.0,30.10477933722844,195.68106569198486,145.68106569198486,97.14598893696113,60.68245692235535
230.0,6.5,1.0,0.0,4.115373113263707,8.03088,17.958526223964732,0.0,30.10477933722844,195.68106569198486,145.68106569198486,97.1344269476205,60.67523470013314
231.0,6.5,1.0,0.0,4.115373113263707,8.03088,17.958526223964732,0.0,30.10477933722844,195.68106569198486,145.68106569198486,97.12286495827985,60.66801247791091
232.0,6.5,1.0,0.0,4.115373113263707,8.03088,17.958526223964732,0.0,30.10477933722844,195.68106569198486,145.68106569198486,97.1113029689392,60.660790255680396
233.0,6.5,1.0,0.0,4.115373113263707,8.03088,17.958526223964732,0.0,30.10477933722844,195.68106569198486,145.68106569198486,97.09974097959856,60.65356803346647
234.0,6.5,1.0,0.0,4.115373113263707,8.03088,17.958526223964732,0.0,30.10477933722844,195.68106569198486,145.68106569198486,97.08817899025792,60.64634581124424
235.0,6.5,1.0,0.0,4.115373113263707,8.03088,17.958526223964732,0.0,30.10477933722844,195.68106569198486,145.68106569198486,97.07661700091728,60.63912358902201
236.0,6.5,1.0,0.0,4.115373113263707,8.03088,17.958526223964732,0.0,30.10477933722844,195.68106569198486,145.68106569198486,97.06505501157663,60.631901366799795
237.0,6.5,1.0,0.0,4.115373113263707,8.03088,17.958526223964732,0.0,30.10477933722844,195.68106569198486,145.68106569198486,97.05349302223598,60.624679144569285
238.0,6.5,1.0,0.0,4.115373113263707,8.03088,17.958526223964732,0.0,30.10477933722844,195.68106569198486,145.68106569198486,97.04193103289535,60.617456922355345
239.0,6.5,1.0,0.0,4.115373113263707,8.03088,17.958526223964732,0.0,30.10477933722844,195.68106569198486,145.68106569198486,97.0303690435547,60.61023470012484
240.0,6.5,1.0,0.0,4.115373113263707,8.03088,17.958526223964732,0.0,30.10477933722844,195.68106569198486,145.68106569198486,97.01880705421407,60.6030124779109
241.0,6.5,1.0,0.0,4.115373113263707,8.03088,17.958526223964732,0.0,30.10477933722844,195.68106569198486,145.68106569198486,97.00724506487342,60.59579025568867
242.0,6.5,1.0,0.0,4.115373113263707,8.03088,17.958526223964732,0.0,30.10477933722844,195.68106569198486,145.68106569198486,96.99568307553278,60.58856803346646
243.0,6.5,1.0,0.0,4.115373113263707,8.03088,17.958526223964732,0.0,30.10477933722844,195.68106569198486,145.68106569198486,96.98412108619213,60.58134581124423
244.0,6.5,1.0,0.0,4.115373113263707,8.03088,17.958526223964732,0.0,30.10477933722844,195.68106569198486,145.68106569198486,96.97255909685148,60.57412358901373
245.0,6.5,1.0,0.0,4.115373113263707,8.03088,17.958526223964732,0.0,30.10477933722844,195.68106569198486,145.68106569198486,96.96099710751085,60.56690136679978
246.0,6.5,1.0,0.0,4.115373113263707,8.03088,17.958526223964732,0.0,30.10477933722844,195.68106569198486,145.68106569198486,96.9494351181702,60.55967914457757
247.0,6.5,1.0,0.0,4.115373113263707,8.03088,17.958526223964732,0.0,30.10477933722844,195.68106569198486,145.68106569198486,96.93787312882957,60.55245692235535
248.0,6.5,1.0,0.0,4.115373113263707,8.03088,17.958526223964732,0.0,30.10477933722844,195.68106569198486,145.68106569198486,96.92631113948892,60.545234700133115
249.0,6.5,1.0,0.0,4.115373113263707,8.03088,17.958526223964732,0.0,30.10477933722844,195.68106569198486,145.68106569198486,96.91474915014828,60.53801247791091
250.0,6.5,1.0,0.0,4.115373113263707,8.03088,17.958526223964732,0.0,30.10477933722844,195.68106569198486,145.68106569198486,96.90318716080763,60.53079025568868
251.0,6.5,1.0,0.0,4.115373113263707,8.03088,17.958526223964732,0.0,30.10477933722844,195.68106569198486,145.68106569198486,96.89162517146698,60.52356803345818
252.0,6.5,1.0,0.0,4.115373113263707,8.03088,17.958526223964732,0.0,30.10477933722844,195.68106569198486,145.68106569198486,96.88006318212635,60.51634581124424
253.0,6.5,1.0,0.0,4.115373113263707,8.03088,17.958526223964732,0.0,30.10477933722844,195.68106569198486,145.68106569198486,96.8685011927857,60.50912358902201
254.0,6.5,1.0,0.0,4.115373113263707,8.03088,17.958526223964732,0.0,30.10477933722844,195.68106569198486,145.68106569198486,96.85693920344507,60.50190136679979
255.0,6.5,1.0,0.0,4.115373113263707,8.03088,17.958526223964732,0.0,30.10477933722844,195.68106569198486,145.68106569198486,96.84537721410442,60.49467914457757
256.0,6.5,1.0,0.0,4.115373113263707,8.03088,17.958526223964732,0.0,30.10477933722844,195.68106569198486,145.68106569198486,96.83381522476377,60.48745692234708
257.0,6.5,1.0,0.0,4.115373113263707,8.03088,17.958526223964732,0.0,30.10477933722844,195.68106569198486,145.68106569198486,96.82225323542313,60.480234700133124
258.0,6.5,1.0,0.0,4.115373113263707,8.03088,17.958526223964732,0.0,30.10477933722844,195.68106569198486,145.68106569198486,96.81069124608248,60.473012477902635
259.0,6.5,1.0,0.0,4.115373113263707,8.03088,17.958526223964732,0.0,30.10477933722844,195.68106569198486,145.68106569198486,96.79912925674185,60.46579025568868
260.0,6.5,1.0,0.0,4.115373113263707,8.03088,17.958526223964732,0.0,30.10477933722844,195.68106569198486,145.68106569198486,96.7875672674012,60.45856803346645
261.0,6.5,1.0,0.0,4.115373113263707,8.03088,17.958526223964732,0.0,30.10477933722844,195.68106569198486,145.68106569198486,96.77600527806057,60.45134581124423
262.0,6.5,1.0,0.0,4.115373113263707,8.03088,17.958526223964732,0.0,30.10477933722844,195.68106569198486,145.68106569198486,96.76444328871992,60.44412358902201
263.0,6.5,1.0,0.0,4.115373113263707,8.03088,17.958526223964732,0.0,30.10477933722844,195.68106569198486,145.68106569198486,96.75288129937927,60.43690136679153
264.0,6.5,1.0,0.0,4.115373113263707,8.03088,17.958526223964732,0.0,30.10477933722844,195.68106569198486,145.68106569198486,96.74131931003863,60.429679144577555
265.0,6.5,1.0,0.0,4.115373113263707,8.03088,17.958526223964732,0.0,30.10477933722844,195.68106569198486,145.68106569198486,96.72975732069798,60.422456922355344
266.0,6.5,1.0,0.0,4.115373113263707,8.03088,17.958526223964732,0.0,30.10477933722844,195.68106569198486,145.68106569198486,96.71819533135735,60.41523470013312
267.0,6.5,1.0,0.0,4.115373113263707,8.03088,17.958526223964732,0.0,30.10477933722844,195.68106569198486,145.68106569198486,96.7066333420167,60.40801247791089
268.0,6.5,1.0,0.0,4.115373113263707,8.03088,17.958526223964732,0.0,30.10477933722844,195.68106569198486,145.68106569198486,96.69507135267607,60.400790255688676
269.0,6.5,1.0,0.0,4.115373113263707,8.03088,17.958526223964732,0.0,30.10477933722844,195.68106569198486,145.68106569198486,96.68350936333542,60.39356803346646
270.0,6.5,1.0,0.0,4.115373113263707,8.03088,17.958526223964732,0.0,30.10477933722844,195.68106569198486,145.68106569198486,96.67194737399477,60.38634581123598
271.0,6.5,1.0,0.0,4.115373113263707,8.03088,17.958526223964732,0.0,30.10477933722844,195.68106569198486,145.68106569198486,96.66038538465413,60.379123589022
272.0,6.5,1.0,0.0,4.115373113263707,8.03088,17.958526223964732,0.0,30.10477933722844,195.68106569198486,145.68106569198486,96.64882339531349,60.37190136679979
273.0,6.5,1.0,0.0,4.115373113263707,8.03088,17.958526223964732,0.0,30.10477933722844,195.68106569198486,145.68106569198486,96.63726140597285,60.364679144577565
274.0,6.5,1.0,0.0,4.115373113263707,8.03088,17.958526223964732,0.0,30.10477933722844,195.68106569198486,145.68106569198486,96.6256994166322,60.35745692235533
275.0,6.5,1.0,0.0,4.115373113263707,8.03088,17.958526223964732,0.0,30.10477933722844,195.68106569198486,145.68106569198486,96.61413742729155,60.350234700124865
276.0,6.5,1.0,0.0,4.115373113263707,8.03088,17.958526223964732,0.0,30.10477933722844,195.68106569198486,145.68106569198486,96.60257543795092,60.3430124779109
277.0,6.5,1.0,0.0,4.115373113263707,8.03088,17.958526223964732,0.0,30.10477933722844,195.68106569198486,145.68106569198486,96.59101344861027,60.33579025568043
278.0,6.5,1.0,0.0,4.115373113263707,8.03088,17.958526223964732,0.0,30.10477933722844,195.68106569198486,145.68106569198486,96.57945145926963,60.32856803346645
279.0,6.5,1.0,0.0,4.115373113263707,8.03088,17.958526223964732,0.0,30.10477933722844,195.68106569198486,145.68106569198486,96.56788946992899,60.32134581124422
280.0,6.5,1.0,0.0,4.115373113263707,8.03088,17.958526223964732,0.0,30.10477933722844,195.68106569198486,145.68106569198486,96.55632748058835,60.31412358902201
281.0,6.5,1.0,0.0,4.115373113263707,8.03088,17.958526223964732,0.0,30.10477933722844,195.68106569198486,145.68106569198486,96.5447654912477,60.306901366799785
282.0,6.5,1.0,0.0,4.115373113263707,8.03088,17.958526223964732,0.0,30.10477933722844,195.68106569198486,145.68106569198486,96.53320350190705,60.29967914456932
283.0,6.5,1.0,0.0,4.115373113263707,8.03088,17.958526223964732,0.0,30.10477933722844,195.68106569198486,145.68106569198486,96.52164151256642,60.29245692235534
284.0,6.5,1.0,0.0,4.115373113263707,8.03088,17.958526223964732,0.0,30.10477933722844,195.68106569198486,145.68106569198486,96.51007952322577,60.28523470013312
285.0,6.5,1.0,0.0,4.115373113263707,8.03088,17.958526223964732,0.0,30.10477933722844,195.68106569198486,145.68106569198486,96.49851753388513,60.2780124779109
286.0,6.5,1.0,0.0,4.115373113263707,8.03088,17.958526223964732,0.0,30.10477933722844,195.68106569198486,145.68106569198486,96.48695554454449,60.27079025568867
287.0,6.5,1.0,0.0,4.115373113263707,8.03088,17.958526223964732,0.0,30.10477933722844,195.68106569198486,145.68106569198486,96.47539355520385,60.263568033466456
288.0,6.5,1.0,0.0,4.115373113263707,8.03088,17.958526223964732,0.0,30.10477933722844,195.68106569198486,145.68106569198486,96.4638315658632,60.25634581124423
289.0,6.5,1.0,0.0,4.115373113263707,8.03088,17.958526223964732,0.0,30.10477933722844,195.68106569198486,145.68106569198486,96.45226957652255,60.24912358901377
290.0,6.5,1.0,0.0,4.115373113263707,8.03088,17.958526223964732,0.0,30.10477933722844,195.68106569198486,145.68106569198486,96.44070758718192,60.24190136679977
291.0,6.5,1.0,0.0,4.115373113263707,8.03088,17.958526223964732,0.0,30.10477933722844,195.68106569198486,145.68106569198486,96.42914559784127,60.23467914457756
292.0,6.5,1.0,0.0,4.115373113263707,8.03088,17.958526223964732,0.0,30.10477933722844,195.68106569198486,145.68106569198486,96.41758360850064,60.227456922355344
293.0,6.5,1.0,0.0,4.115373113263707,8.03088,17.958526223964732,0.0,30.10477933722844,195.68106569198486,145.68106569198486,96.40602161915999,60.22023470013311
294.0,6.5,1.0,0.0,4.115373113263707,8.03088,17.958526223964732,0.0,30.10477933722844,195.68106569198486,145.68106569198486,96.39445962981934,60.213012477902666
295.0,6.5,1.0,0.0,4.115373113263707,8.03088,17.958526223964732,0.0,30.10477933722844,195.68106569198486,145.68106569198486,96.3828976404787,60.205790255688676
296.0,6.5,1.0,0.0,4.115373113263707,8.03088,17.958526223964732,0.0,30.10477933722844,195.68106569198486,145.68106569198486,96.37133565113805,60.198568033458216
297.0,6.5,1.0,0.0,4.115373113263707,8.03088,17.958526223964732,0.0,30.10477933722844,195.68106569198486,145.68106569198486,96.35977366179742,60.19134581124422
298.0,6.5,1.0,0.0,4.115373113263707,8.03088,17.958526223964732,0.0,30.10477933722844,195.68106569198486,145.68106569198486,96.34821167245677,60.18412358902199
299.0,6.5,1.0,0.0,4.115373113263707,8.03088,17.958526223964732,0.0,30.10477933722844,195.68106569198486,145.68106569198486,96.33664968311614,60.17690136679978
300.0,6.5,1.0,0.0,4.115373113263707,8.03088,17.958526223964732,0.0,30.10477933722844,195.68106569198486,145.68106569198486,96.32508769377549,60.16967914457755
301.0,6.5,1.0,0.0,4.115373113263707,8.03088,17.958526223964732,0.0,30.10477933722844,195.68106569198486,145.68106569198486,96.31352570443484,60.162456922347104
302.0,6.5,1.0,0.0,4.115373113263707,8.03088,17.958526223964732,0.0,30.10477933722844,195.68106569198486,145.68106569198486,96.3019637150942,60.155234700133114
303.0,6.5,1.0,0.0,4.115373113263707,8.03088,17.958526223964732,0.0,30.10477933722844,195.68106569198486,145.68106569198486,96.29040172575355,60.14801247791088
304.0,6.5,1.0,0.0,4.115373113263707,8.03088,17.958526223964732,0.0,30.10477933722844,195.68106569198486,145.68106569198486,96.27883973641292,60.14079025568867
305.0,6.5,1.0,0.0,4.115373113263707,8.03088,17.958526223964732,0.0,30.10477933722844,195.68106569198486,145.68106569198486,96.26727774707227,60.13356803346644
306.0,6.5,1.0,0.0,4.115373113263707,8.03088,17.958526223964732,0.0,30.10477933722844,195.68106569198486,145.68106569198486,96.25571575773164,60.12634581124423
307.0,6.5,1.0,0.0,4.115373113263707,8.03088,17.958526223964732,0.0,30.10477933722844,195.68106569198486,145.68106569198486,96.24415376839099,60.119123589022
308.0,6.5,1.0,0.0,4.115373113263707,8.03088,17.958526223964732,0.0,30.10477933722844,195.68106569198486,145.68106569198486,96.23259177905034,60.111901366791564
309.0,6.5,1.0,0.0,4.115373113263707,8.03088,17.958526223964732,0.0,30.10477933722844,195.68106569198486,145.68106569198486,96.2210297897097,60.10467914457755
310.0,6.5,1.0,0.0,4.115373113263707,8.03088,17.958526223964732,0.0,30.10477933722844,195.68106569198486,145.68106569198486,96.20946780036905,60.09745692235534
311.0,6.5,1.0,0.0,4.115373113263707,8.03088,17.958526223964732,0.0,30.10477933722844,195.68106569198486,145.68106569198486,96.19790581102842,60.09023470013312
312.0,6.5,1.0,0.0,4.115373113263707,8.03088,17.958526223964732,0.0,30.10477933722844,195.68106569198486,145.68106569198486,96.18634382168777,60.083012477910884
313.0,6.5,1.0,0.0,4.115373113263707,8.03088,17.958526223964732,0.0,30.10477933722844,195.68106569198486,145.68106569198486,96.17478183234712,60.07579025568045
314.0,6.5,1.0,0.0,4.115373113263707,8.03088,17.958526223964732,0.0,30.10477933722844,195.68106569198486,145.68106569198486,96.16321984300649,60.06856803346645
315.0,6.5,1.0,0.0,4.115373113263707,8.03088,17.958526223964732,0.0,30.10477933722844,195.68106569198486,145.68106569198486,96.15165785366584,60.061345811236016
316.0,6.5,1.0,0.0,4.115373113263707,8.03088,17.958526223964732,0.0,30.10477933722844,195.68106569198486,145.68106569198486,96.1400958643252,60.054123589022
317.0,6.5,1.0,0.0,4.115373113263707,8.03088,17.958526223964732,0.0,30.10477933722844,195.68106569198486,145.68106569198486,96.12853387498456,60.04690136679977
318.0,6.5,1.0,0.0,4.115373113263707,8.03088,17.958526223964732,0.0,30.10477933722844,195.68106569198486,145.68106569198486,96.11697188564392,60.03967914457756
319.0,6.5,1.0,0.0,4.115373113263707,8.03088,17.958526223964732,0.0,30.10477933722844,195.68106569198486,145.68106569198486,96.10540989630327,60.03245692235533
320.0,6.5,1.0,0.0,4.115373113263707,8.03088,17.958526223964732,0.0,30.10477933722844,195.68106569198486,145.68106569198486,96.09384790696262,60.025234700124905
321.0,6.5,1.0,0.0,4.115373113263707,8.03088,17.958526223964732,0.0,30.10477933722844,195.68106569198486,145.68106569198486,96.08228591762199,60.018012477910894
322.0,6.5,1.0,0.0,4.115373113263707,8.03088,17.958526223964732,0.0,30.10477933722844,195.68106569198486,145.68106569198486,96.07072392828134,60.01079025568866
323.0,6.5,1.0,0.0,4.115373113263707,8.03088,17.958526223964732,0.0,30.10477933722844,195.68106569198486,145.68106569198486,96.0591619389407,60.003568033466436
324.0,6.5,1.0,0.0,4.115373113263707,8.03088,17.958526223964732,0.0,30.10477933722844,195.68106569198486,145.68106569198486,96.04759994960006,59.99634581124422
325.0,6.5,1.0,0.0,4.115373113263707,8.03088,17.958526223964732,0.0,30.10477933722844,195.68106569198486,145.68106569198486,96.03603796025942,59.989123589022
326.0,6.5,1.0,0.0,4.115373113263707,8.03088,17.958526223964732,0.0,30.10477933722844,195.68106569198486,145.68106569198486,96.02447597091877,59.98190136679977
327.0,6.5,1.0,0.0,4.115373113263707,8.03088,17.958526223964732,0.0,30.10477933722844,195.68106569198486,145.68106569198486,96.01291398157812,59.97467914456935
328.0,6.5,1.0,0.0,4.115373113263707,8.03088,17.958526223964732,0.0,30.10477933722844,195.68106569198486,145.68106569198486,96.00135199223749,59.967456922355325
329.0,6.5,1.0,0.0,4.115373113263707,8.03088,17.958526223964732,0.0,30.10477933722844,195.68106569198486,145.68106569198486,95.98979000289684,59.96023470013309
330.0,6.5,1.0,0.0,4.115373113263707,8.03088,17.958526223964732,0.0,30.10477933722844,195.68106569198486,145.68106569198486,95.9782280135562,59.95301247791089
331.0,6.5,1.0,0.0,4.115373113263707,8.03088,17.958526223964732,0.0,30.10477933722844,195.68106569198486,145.68106569198486,95.96666602421556,59.94579025568866
332.0,6.5,1.0,0.0,4.115373113263707,8.03088,17.958526223964732,0.0,30.10477933722844,195.68106569198486,145.68106569198486,95.9551040348749,59.93856803345824
333.0,6.5,1.0,0.0,4.115373113263707,8.03088,17.958526223964732,0.0,30.10477933722844,195.68106569198486,145.68106569198486,95.94354204553427,59.93134581124423
334.0,6.5,1.0,0.0,4.115373113263707,8.03088,17.958526223964732,0.0,30.10477933722844,195.68106569198486,145.68106569198486,95.93198005619362,59.9241235890138
335.0,6.5,1.0,0.0,4.115373113263707,8.03088,17.958526223964732,0.0,30.10477933722844,195.68106569198486,145.68106569198486,95.92041806685299,59.91690136679977
336.0,6.5,1.0,0.0,4.115373113263707,8.03088,17.958526223964732,0.0,30.10477933722844,195.68106569198486,145.68106569198486,95.90885607751234,59.90967914457756
337.0,6.5,1.0,0.0,4.115373113263707,8.03088,17.958526223964732,0.0,30.10477933722844,195.68106569198486,145.68106569198486,95.8972940881717,59.902456922355334
338.0,6.5,1.0,0.0,4.115373113263707,8.03088,17.958526223964732,0.0,30.10477933722844,195.68106569198486,145.68106569198486,95.88573209883106,59.8952347001331
339.0,6.5,1.0,0.0,4.115373113263707,8.03088,17.958526223964732,0.0,30.10477933722844,195.68106569198486,145.68106569198486,95.87417010949041,59.88801247790269
340.0,6.5,1.0,0.0,4.115373113263707,8.03088,17.958526223964732,0.0,30.10477933722844,195.68106569198486,145.68106569198486,95.86260812014977,59.880790255688666
341.0,6.5,1.0,0.0,4.115373113263707,8.03088,17.958526223964732,0.0,30.10477933722844,195.68106569198486,145.68106569198486,95.85104613080912,59.873568033466434
342.0,6.5,1.0,0.0,4.115373113263707,8.03088,17.958526223964732,0.0,30.10477933722844,195.68106569198486,145.68106569198486,95.83948414146849,59.866345811244216
343.0,6.5,1.0,0.0,4.115373113263707,8.03088,17.958526223964732,0.0,30.10477933722844,195.68106569198486,145.68106569198486,95.82792215212784,59.85912358902199
344.0,6.5,1.0,0.0,4.115373113263707,8.03088,17.958526223964732,0.0,30.10477933722844,195.68106569198486,145.68106569198486,95.8163601627872,59.85190136679978
345.0,6.5,1.0,0.0,4.115373113263707,8.03088,17.958526223964732,0.0,30.10477933722844,195.68106569198486,145.68106569198486,95.80479817344656,59.84467914457755
346.0,6.5,1.0,0.0,4.115373113263707,8.03088,17.958526223964732,0.0,30.10477933722844,195.68106569198486,145.68106569198486,95.79323618410591,59.83745692234715
347.0,6.5,1.0,0.0,4.115373113263707,8.03088,17.958526223964732,0.0,30.10477933722844,195.68106569198486,145.68106569198486,95.78167419476527,59.830234700133104
348.0,6.5,1.0,0.0,4.115373113263707,8.03088,17.958526223964732,0.0,30.10477933722844,195.68106569198486,145.68106569198486,95.77011220542462,59.82301247791087
349.0,6.5,1.0,0.0,4.115373113263707,8.03088,17.958526223964732,0.0,30.10477933722844,195.68106569198486,145.68106569198486,95.75855021608399,59.815790255688654
350.0,6.5,1.0,0.0,4.115373113263707,8.03088,17.958526223964732,0.0,30.10477933722844,195.68106569198486,145.68106569198486,95.74698822674334,59.808568033466436
351.0,6.5,1.0,0.0,4.115373113263707,8.03088,17.958526223964732,0.0,30.10477933722844,195.68106569198486,145.68106569198486,95.73542623740269,59.80134581123604
352.0,6.5,1.0,0.0,4.115373113263707,8.03088,17.958526223964732,0.0,30.10477933722844,195.68106569198486,145.68106569198486,95.72386424806206,59.79412358902198
353.0,6.5,1.0,0.0,4.115373113263707,8.03088,17.958526223964732,0.0,30.10477933722844,195.68106569198486,145.68106569198486,95.71230225872141,59.78690136679159
354.0,6.5,1.0,0.0,4.115373113263707,8.03088,17.958526223964732,0.0,30.10477933722844,195.68106569198486,145.68106569198486,95.70074026938077,59.77967914457754
355.0,6.5,1.0,0.0,4.115373113263707,8.03088,17.958526223964732,0.0,30.10477933722844,195.68106569198486,145.68106569198486,95.68917828004012,59.77245692235531
356.0,6.5,1.0,0.0,4.115373113263707,8.03088,17.958526223964732,0.0,30.10477933722844,195.68106569198486,145.68106569198486,95.67761629069949,59.765234700133114
357.0,6.5,1.0,0.0,4.115373113263707,8.03088,17.958526223964732,0.0,30.10477933722844,195.68106569198486,145.68106569198486,95.66605430135884,59.75801247791088
358.0,6.5,1.0,0.0,4.115373113263707,8.03088,17.958526223964732,0.0,30.10477933722844,195.68106569198486,145.68106569198486,95.65449231201819,59.750790255680485
359.0,6.5,1.0,0.0,4.115373113263707,8.03088,17.958526223964732,0.0,30.10477933722844,195.68106569198486,145.68106569198486,95.64293032267756,59.743568033466445
360.0,6.5,1.0,0.0,4.115373113263707,8.03088,17.958526223964732,0.0,30.10477933722844,195.68106569198486,145.68106569198486,95.63136833333691,59.73634581124421
361.0,6.5,1.0,0.0,4.115373113263707,8.03088,17.958526223964732,0.0,30.10477933722844,195.68106569198486,145.68106569198486,95.61980634399627,59.72912358902199
362.0,6.5,1.0,0.0,4.115373113263707,8.03088,17.958526223964732,0.0,30.10477933722844,195.68106569198486,145.68106569198486,95.60824435465562,59.72190136679976
363.0,6.5,1.0,0.0,4.115373113263707,8.03088,17.958526223964732,0.0,30.10477933722844,195.68106569198486,145.68106569198486,95.59668236531499,59.71467914457755
364.0,6.5,1.0,0.0,4.115373113263707,8.03088,17.958526223964732,0.0,30.10477933722844,195.68106569198486,145.68106569198486,95.58512037597434,59.70745692235532
365.0,6.5,1.0,0.0,4.115373113263707,8.03088,17.958526223964732,0.0,30.10477933722844,195.68106569198486,145.68106569198486,95.57355838663369,59.70023470012494
366.0,6.5,1.0,0.0,4.115373113263707,8.03088,17.958526223964732,0.0,30.10477933722844,195.68106569198486,145.68106569198486,95.56199639729306,59.69301247791088
367.0,6.5,1.0,0.0,4.115373113263707,8.03088,17.958526223964732,0.0,30.10477933722844,195.68106569198486,145.68106569198486,95.55043440795241,59.685790255688644
368.0,6.5,1.0,0.0,4.115373113263707,8.03088,17.958526223964732,0.0,30.10477933722844,195.68106569198486,145.68106569198486,95.53887241861177,59.67856803346643
369.0,6.5,1.0,0.0,4.115373113263707,8.03088,17.958526223964732,0.0,30.10477933722844,195.68106569198486,145.68106569198486,95.52731042927113,59.67134581124421
370.0,6.5,1.0,0.0,4.115373113263707,8.03088,17.958526223964732,0.0,30.10477933722844,195.68106569198486,145.68106569198486,95.51574843993048,59.664123589013826
371.0,6.5,1.0,0.0,4.115373113263707,8.03088,17.958526223964732,0.0,30.10477933722844,195.68106569198486,145.68106569198486,95.50418645058984,59.656901366799765
372.0,6.5,1.0,0.0,4.115373113263707,8.03088,17.958526223964732,0.0,30.10477933722844,195.68106569198486,145.68106569198486,95.49262446124919,59.64967914456939
373.0,6.5,1.0,0.0,4.115373113263707,8.03088,17.958526223964732,0.0,30.10477933722844,195.68106569198486,145.68106569198486,95.48106247190856,59.64245692235532
374.0,6.5,1.0,0.0,4.115373113263707,8.03088,17.958526223964732,0.0,30.10477933722844,195.68106569198486,145.68106569198486,95.46950048256791,59.63523470013309
375.0,6.5,1.0,0.0,4.115373113263707,8.03088,17.958526223964732,0.0,30.10477933722844,195.68106569198486,145.68106569198486,95.45793849322727,59.62801247791088
376.0,6.5,1.0,0.0,4.115373113263707,8.03088,17.958526223964732,0.0,30.10477933722844,195.68106569198486,145.68106569198486,95.44637650388663,59.620790255688654
377.0,6.5,1.0,0.0,4.115373113263707,8.03088,17.958526223964732,0.0,30.10477933722844,195.68106569198486,145.68106569198486,95.43481451454598,59.61356803345828
378.0,6.5,1.0,0.0,4.115373113263707,8.03088,17.958526223964732,0.0,30.10477933722844,195.68106569198486,145.68106569198486,95.42325252520534,59.606345811244196
379.0,6.5,1.0,0.0,4.115373113263707,8.03088,17.958526223964732,0.0,30.10477933722844,195.68106569198486,145.68106569198486,95.4116905358647,59.599123589021985
380.0,6.5,1.0,0.0,4.115373113263707,8.03088,17.958526223964732,0.0,30.10477933722844,195.68106569198486,145.68106569198486,95.40012854652406,59.59190136679977
381.0,6.5,1.0,0.0,4.115373113263707,8.03088,17.958526223964732,0.0,30.10477933722844,195.68106569198486,145.68106569198486,95.38856655718341,59.584679144577535
382.0,6.5,1.0,0.0,4.115373113263707,8.03088,17.958526223964732,0.0,30.10477933722844,195.68106569198486,145.68106569198486,95.37700456784277,59.57745692235533
383.0,6.5,1.0,0.0,4.115373113263707,8.03088,17.958526223964732,0.0,30.10477933722844,195.68106569198486,145.68106569198486,95.36544257850213,59.5702347001331
384.0,6.5,1.0,0.0,4.115373113263707,8.03088,17.958526223964732,0.0,30.10477933722844,195.68106569198486,145.68106569198486,95.35388058916148,59.563012477902724
385.0,6.5,1.0,0.0,4.115373113263707,8.03088,17.958526223964732,0.0,30.10477933722844,195.68106569198486,145.68106569198486,95.34231859982084,59.55579025568865
386.0,6.5,1.0,0.0,4.115373113263707,8.03088,17.958526223964732,0.0,30.10477933722844,195.68106569198486,145.68106569198486,95.3307566104802,59.548568033466424
387.0,6.5,1.0,0.0,4.115373113263707,8.03088,17.958526223964732,0.0,30.10477933722844,195.68106569198486,145.68106569198486,95.31919462113956,59.541345811244206
388.0,6.5,1.0,0.0,4.115373113263707,8.03088,17.958526223964732,0.0,30.10477933722844,195.68106569198486,145.68106569198486,95.30763263179891,59.53412358902199
389.0,6.5,1.0,0.0,4.115373113263707,8.03088,17.958526223964732,0.0,30.10477933722844,195.68106569198486,145.68106569198486,95.29607064245826,59.52690136679162
390.0,6.5,1.0,0.0,4.115373113263707,8.03088,17.958526223964732,0.0,30.10477933722844,195.68106569198486,145.68106569198486,95.28450865311763,59.51967914457754
391.0,6.5,1.0,0.0,4.115373113263707,8.03088,17.958526223964732,0.0,30.10477933722844,195.68106569198486,145.68106569198486,95.27294666377698,59.51245692234718
392.0,6.5,1.0,0.0,4.115373113263707,8.03088,17.958526223964732,0.0,30.10477933722844,195.68106569198486,145.68106569198486,95.26138467443634,59.505234700133094
393.0,6.5,1.0,0.0,4.115373113263707,8.03088,17.958526223964732,0.0,30.10477933722844,195.68106569198486,145.68106569198486,95.2498226850957,59.49801247791086
394.0,6.5,1.0,0.0,4.115373113263707,8.03088,17.958526223964732,0.0,30.10477933722844,195.68106569198486,145.68106569198486,95.23826069575506,59.49079025568865
395.0,6.5,1.0,0.0,4.115373113263707,8.03088,17.958526223964732,0.0,30.10477933722844,195.68106569198486,145.68106569198486,95.22669870641441,59.483568033466426
396.0,6.5,1.0,0.0,4.115373113263707,8.03088,17.958526223964732,0.0,30.10477933722844,195.68106569198486,145.68106569198486,95.21513671707376,59.47634581123607
397.0,6.5,1.0,0.0,4.115373113263707,8.03088,17.958526223964732,0.0,30.10477933722844,195.68106569198486,145.68106569198486,95.20357472773313,59.469123589021976
398.0,6.5,1.0,0.0,4.115373113263707,8.03088,17.958526223964732,0.0,30.10477933722844,195.68106569198486,145.68106569198486,95.19201273839248,59.461901366799765
399.0,6.5,1.0,0.0,4.115373113263707,8.03088,17.958526223964732,0.0,30.10477933722844,195.68106569198486,145.68106569198486,95.18045074905184,59.45467914457754
400.0,6.5,1.0,0.0,4.115373113263707,8.03088,17.958526223964732,0.0,30.10477933722844,195.68106569198486,145.68106569198486,95.1688887597112,59.44745692235531
401.0,6.5,1.0,0.0,4.115373113263707,8.03088,17.958526223964732,0.0,30.10477933722844,195.68106569198486,145.68106569198486,95.15732677037056,59.44023470013308
402.0,6.5,1.0,0.0,4.115373113263707,8.03088,17.958526223964732,0.0,30.10477933722844,195.68106569198486,145.68106569198486,95.14576478102991,59.43301247791087
403.0,6.5,1.0,0.0,4.115373113263707,8.03088,17.958526223964732,0.0,30.10477933722844,195.68106569198486,145.68106569198486,95.13420279168926,59.42579025568053
404.0,6.5,1.0,0.0,4.115373113263707,8.03088,17.958526223964732,0.0,30.10477933722844,195.68106569198486,145.68106569198486,95.12264080234863,59.41856803346642
405.0,6.5,1.0,0.0,4.115373113263707,8.03088,17.958526223964732,0.0,30.10477933722844,195.68106569198486,145.68106569198486,95.11107881300798,59.411345811244196
406.0,6.5,1.0,0.0,4.115373113263707,8.03088,17.958526223964732,0.0,30.10477933722844,195.68106569198486,145.68106569198486,95.09951682366734,59.404123589021985
407.0,6.5,1.0,0.0,4.115373113263707,8.03088,17.958526223964732,0.0,30.10477933722844,195.68106569198486,145.68106569198486,95.0879548343267,59.39690136679975
408.0,6.5,1.0,0.0,4.115373113263707,8.03088,17.958526223964732,0.0,30.10477933722844,195.68106569198486,145.68106569198486,95.07639284498605,59.38967914456941
409.0,6.5,1.0,0.0,4.115373113263707,8.03088,17.958526223964732,0.0,30.10477933722844,195.68106569198486,145.68106569198486,95.06483085564541,59.38245692235532
410.0,6.5,1.0,0.0,4.115373113263707,8.03088,17.958526223964732,0.0,30.10477933722844,195.68106569198486,145.68106569198486,95.05326886630476,59.37523470012497
411.0,6.5,1.0,0.0,4.115373113263707,8.03088,17.958526223964732,0.0,30.10477933722844,195.68106569198486,145.68106569198486,95.04170687696413,59.368012477910874
412.0,6.5,1.0,0.0,4.115373113263707,8.03088,17.958526223964732,0.0,30.10477933722844,195.68106569198486,145.68106569198486,95.03014488762348,59.36079025568864
413.0,6.5,1.0,0.0,4.115373113263707,8.03088,17.958526223964732,0.0,30.10477933722844,195.68106569198486,145.68106569198486,95.01858289828284,59.35356803346642
414.0,6.5,1.0,0.0,4.115373113263707,8.03088,17.958526223964732,0.0,30.10477933722844,195.68106569198486,145.68106569198486,95.0070209089422,59.346345811244205
415.0,6.5,1.0,0.0,4.115373113263707,8.03088,17.958526223964732,0.0,30.10477933722844,195.68106569198486,145.68106569198486,94.99545891960155,59.33912358901386
416.0,6.5,1.0,0.0,4.115373113263707,8.03088,17.958526223964732,0.0,30.10477933722844,195.68106569198486,145.68106569198486,94.98389693026091,59.33190136679975
417.0,6.5,1.0,0.0,4.115373113263707,8.03088,17.958526223964732,0.0,30.10477933722844,195.68106569198486,145.68106569198486,94.97233494092026,59.32467914457754
418.0,6.5,1.0,0.0,4.115373113263707,8.03088,17.958526223964732,0.0,30.10477933722844,195.68106569198486,145.68106569198486,94.96077295157963,59.31745692235531
419.0,6.5,1.0,0.0,4.115373113263707,8.03088,17.958526223964732,0.0,30.10477933722844,195.68106569198486,145.68106569198486,94.94921096223898,59.31023470013308
420.0,6.5,1.0,0.0,4.115373113263707,8.03088,17.958526223964732,0.0,30.10477933722844,195.68106569198486,145.68106569198486,94.93764897289834,59.30301247791086
421.0,6.5,1.0,0.0,4.115373113263707,8.03088,17.958526223964732,0.0,30.10477933722844,195.68106569198486,145.68106569198486,94.9260869835577,59.29579025568865
422.0,6.5,1.0,0.0,4.115373113263707,8.03088,17.958526223964732,0.0,30.10477933722844,195.68106569198486,145.68106569198486,94.91452499421705,59.28856803345831
423.0,6.5,1.0,0.0,4.115373113263707,8.03088,17.958526223964732,0.0,30.10477933722844,195.68106569198486,145.68106569198486,94.90296300487641,59.281345811244194
424.0,6.5,1.0,0.0,4.115373113263707,8.03088,17.958526223964732,0.0,30.10477933722844,195.68106569198486,145.68106569198486,94.89140101553576,59.27412358902198
425.0,6.5,1.0,0.0,4.115373113263707,8.03088,17.958526223964732,0.0,30.10477933722844,195.68106569198486,145.68106569198486,94.87983902619513,59.26690136679976
426.0,6.5,1.0,0.0,4.115373113263707,8.03088,17.958526223964732,0.0,30.10477933722844,195.68106569198486,145.68106569198486,94.86827703685448,59.259679144577525
427.0,6.5,1.0,0.0,4.115373113263707,8.03088,17.958526223964732,0.0,30.10477933722844,195.68106569198486,145.68106569198486,94.85671504751383,59.252456922347214
428.0,6.5,1.0,0.0,4.115373113263707,8.03088,17.958526223964732,0.0,30.10477933722844,195.68106569198486,145.68106569198486,94.8451530581732,59.24523470013309
429.0,6.5,1.0,0.0,4.115373113263707,8.03088,17.958526223964732,0.0,30.10477933722844,195.68106569198486,145.68106569198486,94.83359106883255,59.238012477902764
430.0,6.5,1.0,0.0,4.115373113263707,8.03088,17.958526223964732,0.0,30.10477933722844,195.68106569198486,145.68106569198486,94.82202907949191,59.23079025568864
431.0,6.5,1.0,0.0,4.115373113263707,8.03088,17.958526223964732,0.0,30.10477933722844,195.68106569198486,145.68106569198486,94.81046709015126,59.223568033466414
432.0,6.5,1.0,0.0,4.115373113263707,8.03088,17.958526223964732,0.0,30.10477933722844,195.68106569198486,145.68106569198486,94.79890510081063,59.2163458112442
433.0,6.5,1.0,0.0,4.115373113263707,8.03088,17.958526223964732,0.0,30.10477933722844,195.68106569198486,145.68106569198486,94.78734311146998,59.20912358902197
434.0,6.5,1.0,0.0,4.115373113263707,8.03088,17.958526223964732,0.0,30.10477933722844,195.68106569198486,145.68106569198486,94.77578112212933,59.20190136679167
435.0,6.5,1.0,0.0,4.115373113263707,8.03088,17.958526223964732,0.0,30.10477933722844,195.68106569198486,145.68106569198486,94.7642191327887,59.19467914457753
436.0,6.5,1.0,0.0,4.115373113263707,8.03088,17.958526223964732,0.0,30.10477933722844,195.68106569198486,145.68106569198486,94.75265714344805,59.187456922355295
437.0,6.5,1.0,0.0,4.115373113263707,8.03088,17.958526223964732,0.0,30.10477933722844,195.68106569198486,145.68106569198486,94.74109515410741,59.18023470013309
438.0,6.5,1.0,0.0,4.115373113263707,8.03088,17.958526223964732,0.0,30.10477933722844,195.68106569198486,145.68106569198486,94.72953316476676,59.17301247791086
439.0,6.5,1.0,0.0,4.115373113263707,8.03088,17.958526223964732,0.0,30.10477933722844,195.68106569198486,145.68106569198486,94.71797117542613,59.165790255688634
440.0,6.5,1.0,0.0,4.115373113263707,8.03088,17.958526223964732,0.0,30.10477933722844,195.68106569198486,145.68106569198486,94.70640918608548,59.15856803346642
441.0,6.5,1.0,0.0,4.115373113263707,8.03088,17.958526223964732,0.0,30.10477933722844,195.68106569198486,145.68106569198486,94.69484719674483,59.151345811236105
442.0,6.5,1.0,0.0,4.115373113263707,8.03088,17.958526223964732,0.0,30.10477933722844,195.68106569198486,145.68106569198486,94.6832852074042,59.144123589021966
443.0,6.5,1.0,0.0,4.115373113263707,8.03088,17.958526223964732,0.0,30.10477933722844,195.68106569198486,145.68106569198486,94.67172321806355,59.136901366799755
444.0,6.5,1.0,0.0,4.115373113263707,8.03088,17.958526223964732,0.0,30.10477933722844,195.68106569198486,145.68106569198486,94.66016122872291,59.12967914457754
445.0,6.5,1.0,0.0,4.115373113263707,8.03088,17.958526223964732,0.0,30.10477933722844,195.68106569198486,145.68106569198486,94.64859923938226,59.122456922355305
446.0,6.5,1.0,0.0,4.115373113263707,8.03088,17.958526223964732,0.0,30.10477933722844,195.68106569198486,145.68106569198486,94.63703725004162,59.115234700124994
447.0,6.5,1.0,0.0,4.115373113263707,8.03088,17.958526223964732,0.0,30.10477933722844,195.68106569198486,145.68106569198486,94.62547526070098,59.10801247791087
448.0,6.5,1.0,0.0,4.115373113263707,8.03088,17.958526223964732,0.0,30.10477933722844,195.68106569198486,145.68106569198486,94.61391327136033,59.100790255680565
449.0,6.5,1.0,0.0,4.115373113263707,8.03088,17.958526223964732,0.0,30.10477933722844,195.68106569198486,145.68106569198486,94.6023512820197,59.09356803346641
450.0,6.5,1.0,0.0,4.115373113263707,8.03088,17.958526223964732,0.0,30.10477933722844,195.68106569198486,145.68106569198486,94.59078929267905,59.086345811244186
451.0,6.5,1.0,0.0,4.115373113263707,8.03088,17.958526223964732,0.0,30.10477933722844,195.68106569198486,145.68106569198486,94.57922730333841,59.079123589021975
452.0,6.5,1.0,0.0,4.115373113263707,8.03088,17.958526223964732,0.0,30.10477933722844,195.68106569198486,145.68106569198486,94.56766531399776,59.07190136679974
453.0,6.5,1.0,0.0,4.115373113263707,8.03088,17.958526223964732,0.0,30.10477933722844,195.68106569198486,145.68106569198486,94.55610332465712,59.06467914456945
454.0,6.5,1.0,0.0,4.115373113263707,8.03088,17.958526223964732,0.0,30.10477933722844,195.68106569198486,145.68106569198486,94.54454133531648,59.0574569223553
455.0,6.5,1.0,0.0,4.115373113263707,8.03088,17.958526223964732,0.0,30.10477933722844,195.68106569198486,145.68106569198486,94.53297934597583,59.05023470013307
456.0,6.5,1.0,0.0,4.115373113263707,8.03088,17.958526223964732,0.0,30.10477933722844,195.68106569198486,145.68106569198486,94.5214173566352,59.04301247791086
457.0,6.5,1.0,0.0,4.115373113263707,8.03088,17.958526223964732,0.0,30.10477933722844,195.68106569198486,145.68106569198486,94.50985536729455,59.03579025568863
458.0,6.5,1.0,0.0,4.115373113263707,8.03088,17.958526223964732,0.0,30.10477933722844,195.68106569198486,145.68106569198486,94.49829337795391,59.028568033466414
459.0,6.5,1.0,0.0,4.115373113263707,8.03088,17.958526223964732,0.0,30.10477933722844,195.68106569198486,145.68106569198486,94.48673138861326,59.02134581124419
460.0,6.5,1.0,0.0,4.115373113263707,8.03088,17.958526223964732,0.0,30.10477933722844,195.68106569198486,145.68106569198486,94.47516939927262,59.014123589013906
461.0,6.5,1.0,0.0,4.115373113263707,8.03088,17.958526223964732,0.0,30.10477933722844,195.68106569198486,145.68106569198486,94.46360740993198,59.006901366799745
462.0,6.5,1.0,0.0,4.115373113263707,8.03088,17.958526223964732,0.0,30.10477933722844,195.68106569198486,145.68106569198486,94.45204542059133,58.99967914457751
463.0,6.5,1.0,0.0,4.115373113263707,8.03088,17.958526223964732,0.0,30.10477933722844,195.68106569198486,145.68106569198486,94.4404834312507,58.99245692235531
464.0,6.5,1.0,0.0,4.115373113263707,8.03088,17.958526223964732,0.0,30.10477933722844,195.68106569198486,145.68106569198486,94.42892144191005,58.98523470013308
465.0,6.5,1.0,0.0,4.115373113263707,8.03088,17.958526223964732,0.0,30.10477933722844,195.68106569198486,145.68106569198486,94.4173594525694,58.9780124779028
466.0,6.5,1.0,0.0,4.115373113263707,8.03088,17.958526223964732,0.0,30.10477933722844,195.68106569198486,145.68106569198486,94.40579746322877,58.97079025568864
467.0,6.5,1.0,0.0,4.115373113263707,8.03088,17.958526223964732,0.0,30.10477933722844,195.68106569198486,145.68106569198486,94.39423547388812,58.963568033458344
468.0,6.5,1.0,0.0,4.115373113263707,8.03088,17.958526223964732,0.0,30.10477933722844,195.68106569198486,145.68106569198486,94.38267348454748,58.95634581124419
469.0,6.5,1.0,0.0,4.115373113263707,8.03088,17.958526223964732,0.0,30.10477933722844,195.68106569198486,145.68106569198486,94.37111149520683,58.949123589021966
470.0,6.5,1.0,0.0,4.115373113263707,8.03088,17.958526223964732,0.0,30.10477933722844,195.68106569198486,145.68106569198486,94.3595495058662,58.941901366799755
471.0,6.5,1.0,0.0,4.115373113263707,8.03088,17.958526223964732,0.0,30.10477933722844,195.68106569198486,145.68106569198486,94.34798751652555,58.93467914457752
472.0,6.5,1.0,0.0,4.115373113263707,8.03088,17.958526223964732,0.0,30.10477933722844,195.68106569198486,145.68106569198486,94.3364255271849,58.92745692234723
473.0,6.5,1.0,0.0,4.115373113263707,8.03088,17.958526223964732,0.0,30.10477933722844,195.68106569198486,145.68106569198486,94.32486353784427,58.92023470013307
474.0,6.5,1.0,0.0,4.115373113263707,8.03088,17.958526223964732,0.0,30.10477933722844,195.68106569198486,145.68106569198486,94.31330154850362,58.91301247791085
475.0,6.5,1.0,0.0,4.115373113263707,8.03088,17.958526223964732,0.0,30.10477933722844,195.68106569198486,145.68106569198486,94.30173955916298,58.90579025568863
476.0,6.5,1.0,0.0,4.115373113263707,8.03088,17.958526223964732,0.0,30.10477933722844,195.68106569198486,145.68106569198486,94.29017756982233,58.89856803346641
477.0,6.5,1.0,0.0,4.115373113263707,8.03088,17.958526223964732,0.0,30.10477933722844,195.68106569198486,145.68106569198486,94.27861558048168,58.891345811236135
478.0,6.5,1.0,0.0,4.115373113263707,8.03088,17.958526223964732,0.0,30.10477933722844,195.68106569198486,145.68106569198486,94.26705359114105,58.88412358902196
479.0,6.5,1.0,0.0,4.115373113263707,8.03088,17.958526223964732,0.0,30.10477933722844,195.68106569198486,145.68106569198486,94.2554916018004,58.8769013667917
480.0,6.5,1.0,0.0,4.115373113263707,8.03088,17.958526223964732,0.0,30.10477933722844,195.68106569198486,145.68106569198486,94.24392961245977,58.86967914457752
481.0,6.5,1.0,0.0,4.115373113263707,8.03088,17.958526223964732,0.0,30.10477933722844,195.68106569198486,145.68106569198486,94.23236762311912,58.862456922355285
482.0,6.5,1.0,0.0,4.115373113263707,8.03088,17.958526223964732,0.0,30.10477933722844,195.68106569198486,145.68106569198486,94.22080563377848,58.855234700133074
483.0,6.5,1.0,0.0,4.115373113263707,8.03088,17.958526223964732,0.0,30.10477933722844,195.68106569198486,145.68106569198486,94.20924364443783,58.84801247791085
484.0,6.5,1.0,0.0,4.115373113263707,8.03088,17.958526223964732,0.0,30.10477933722844,195.68106569198486,145.68106569198486,94.19768165509718,58.84079025568059
485.0,6.5,1.0,0.0,4.115373113263707,8.03088,17.958526223964732,0.0,30.10477933722844,195.68106569198486,145.68106569198486,94.18611966575655,58.8335680334664
486.0,6.5,1.0,0.0,4.115373113263707,8.03088,17.958526223964732,0.0,30.10477933722844,195.68106569198486,145.68106569198486,94.1745576764159,58.82634581124419
487.0,6.5,1.0,0.0,4.115373113263707,8.03088,17.958526223964732,0.0,30.10477933722844,195.68106569198486,145.68106569198486,94.16299568707527,58.81912358902196
488.0,6.5,1.0,0.0,4.115373113263707,8.03088,17.958526223964732,0.0,30.10477933722844,195.68106569198486,145.68106569198486,94.15143369773462,58.81190136679973
489.0,6.5,1.0,0.0,4.115373113263707,8.03088,17.958526223964732,0.0,30.10477933722844,195.68106569198486,145.68106569198486,94.13987170839398,58.80467914457753
490.0,6.5,1.0,0.0,4.115373113263707,8.03088,17.958526223964732,0.0,30.10477933722844,195.68106569198486,145.68106569198486,94.12830971905333,58.797456922355295
491.0,6.5,1.0,0.0,4.115373113263707,8.03088,17.958526223964732,0.0,30.10477933722844,195.68106569198486,145.68106569198486,94.11674772971269,58.79023470012504
492.0,6.5,1.0,0.0,4.115373113263707,8.03088,17.958526223964732,0.0,30.10477933722844,195.68106569198486,145.68106569198486,94.10518574037205,58.78301247791085
493.0,6.5,1.0,0.0,4.115373113263707,8.03088,17.958526223964732,0.0,30.10477933722844,195.68106569198486,145.68106569198486,94.0936237510314,58.77579025568863
494.0,6.5,1.0,0.0,4.115373113263707,8.03088,17.958526223964732,0.0,30.10477933722844,195.68106569198486,145.68106569198486,94.08206176169077,58.76856803346641
495.0,6.5,1.0,0.0,4.115373113263707,8.03088,17.958526223964732,0.0,30.10477933722844,195.68106569198486,145.68106569198486,94.07049977235012,58.76134581124418
496.0,6.5,1.0,0.0,4.115373113263707,8.03088,17.958526223964732,0.0,30.10477933722844,195.68106569198486,145.68106569198486,94.05893778300947,58.75412358901393
497.0,6.5,1.0,0.0,4.115373113263707,8.03088,17.958526223964732,0.0,30.10477933722844,195.68106569198486,145.68106569198486,94.04737579366883,58.74690136679974
498.0,6.5,1.0,0.0,4.115373113263707,8.03088,17.958526223964732,0.0,30.10477933722844,195.68106569198486,145.68106569198486,94.03581380432819,58.739679144569486
499.0,6.5,1.0,0.0,4.115373113263707,8.03088,17.958526223964732,0.0,30.10477933722844,195.68106569198486,145.68106569198486,94.02425181498755,58.7324569223553
500.0,6.5,1.0,0.0,4.115373113263707,8.03088,17.958526223964732,0.0,30.10477933722844,195.68106569198486,145.68106569198486,94.0126898256469,58.725234700133065
501.0,6.5,1.0,0.0,4.115373113263707,8.03088,17.958526223964732,0.0,30.10477933722844,195.68106569198486,145.68106569198486,94.00112783630627,58.71801247791085
502.0,6.5,1.0,0.0,4.115373113263707,8.03088,17.958526223964732,0.0,30.10477933722844,195.68106569198486,145.68106569198486,93.98956584696562,58.71079025568863
503.0,6.5,1.0,0.0,4.115373113263707,8.03088,17.958526223964732,0.0,30.10477933722844,195.68106569198486,145.68106569198486,93.97800385762497,58.703568033458374
504.0,6.5,1.0,0.0,4.115373113263707,8.03088,17.958526223964732,0.0,30.10477933722844,195.68106569198486,145.68106569198486,93.96644186828433,58.69634581124417
505.0,6.5,1.0,0.0,4.115373113263707,8.03088,17.958526223964732,0.0,30.10477933722844,195.68106569198486,145.68106569198486,93.95487987894369,58.68912358902196
506.0,6.5,1.0,0.0,4.115373113263707,8.03088,17.958526223964732,0.0,30.10477933722844,195.68106569198486,145.68106569198486,93.94331788960305,58.681901366799735
507.0,6.5,1.0,0.0,4.115373113263707,8.03088,17.958526223964732,0.0,30.10477933722844,195.68106569198486,145.68106569198486,93.9317559002624,58.6746791445775
508.0,6.5,1.0,0.0,4.115373113263707,8.03088,17.958526223964732,0.0,30.10477933722844,195.68106569198486,145.68106569198486,93.92019391092177,58.667456922355285
509.0,6.5,1.0,0.0,4.115373113263707,8.03088,17.958526223964732,0.0,30.10477933722844,195.68106569198486,145.68106569198486,93.90863192158112,58.660234700133074
510.0,6.5,1.0,0.0,4.115373113263707,8.03088,17.958526223964732,0.0,30.10477933722844,195.68106569198486,145.68106569198486,93.89706993224047,58.65301247790283
511.0,6.5,1.0,0.0,4.115373113263707,8.03088,17.958526223964732,0.0,30.10477933722844,195.68106569198486,145.68106569198486,93.88550794289984,58.64579025568862
512.0,6.5,1.0,0.0,4.115373113263707,8.03088,17.958526223964732,0.0,30.10477933722844,195.68106569198486,145.68106569198486,93.87394595355919,58.638568033466406
513.0,6.5,1.0,0.0,4.115373113263707,8.03088,17.958526223964732,0.0,30.10477933722844,195.68106569198486,145.68106569198486,93.86238396421855,58.63134581124418
514.0,6.5,1.0,0.0,4.115373113263707,8.03088,17.958526223964732,0.0,30.10477933722844,195.68106569198486,145.68106569198486,93.8508219748779,58.62412358902195
515.0,6.5,1.0,0.0,4.115373113263707,8.03088,17.958526223964732,0.0,30.10477933722844,195.68106569198486,145.68106569198486,93.83925998553725,58.61690136679172
516.0,6.5,1.0,0.0,4.115373113263707,8.03088,17.958526223964732,0.0,30.10477933722844,195.68106569198486,145.68106569198486,93.82769799619662,58.60967914457751
517.0,6.5,1.0,0.0,4.115373113263707,8.03088,17.958526223964732,0.0,30.10477933722844,195.68106569198486,145.68106569198486,93.81613600685597,58.60245692234729
518.0,6.5,1.0,0.0,4.115373113263707,8.03088,17.958526223964732,0.0,30.10477933722844,195.68106569198486,145.68106569198486,93.80457401751534,58.59523470013307
